cls,fea,nsen,smax,mfmax,cmax,uar,ci95_u,bar,ci95_b,bar_exp,ci95_be_low,ci95_be_upp,eer,eer_ci95_low,eer_ci95_high,cm,eermsg,mcc,auc,pr_auc,mse,r2,ss,amax,amax_std,fmax,fmax_std,pmax,pmax_std,rmax,rmax_std,maxerr,ci95_me_low,ci95_me_low,cm,labels
snn,pfa,1,db-izfp-mfv1,0,99.95555555555555,99.95555555555555,0.04354507530184293,99.95555555555556,0.04354507530185403,99.91549486911771,0.06549486913984826,0.034505131032802616,-,-,-,-,,0.9993334073580329,-,-,-,-,-,0.9995555555555555,0.0004157397096415784,0.9995555554012345,0.0004157397508856534,0.9995559253096691,0.0004156411236502373,0.9995555555555555,0.0004157397096415784,0.06666666666666667,0.058592004114310266,0.17394664271534288,0,WRN=>NEW
snn,sfa,1,db-izfp-mfv1,0,99.77777777777777,99.77777777777777,0.09728312055303778,99.77777777777779,0.09728312055304889,99.75471407196781,0.10471407204857286,0.09528592803523805,-,-,-,-,,0.9966686600059801,-,-,-,-,-,0.9977777777777778,0.001448711645600534,0.9977761765083424,0.0014508110375182244,0.9977851355547198,0.00143971399059191,0.9977777777777778,0.001448711645600534,0.33333333333333337,0.1733748782842415,0.27882144451117574,0,WRN=>USE
snn,sig,1,db-izfp-mfv1,2,98.56666666666666,98.56666666666666,0.24556443687058227,98.56666666666666,0.24556443687057117,98.53431045969378,0.25097712643831205,0.24902287352962515,-,-,-,-,,0.978500217444517,-,-,-,-,-,0.9856666666666667,0.000816496580927772,0.9856699905309203,0.0008163373487268287,0.9856860241897734,0.0008133379626183796,0.9856666666666667,0.000816496580927772,1.1666666666666667,0.3527321378616678,0.45218109136096385,0,USE=>WRN
