cls,fea,nsen,smax,mfmax,cmax,uar,ci95_u,bar,ci95_b,bar_exp,ci95_be_low,ci95_be_upp,eer,eer_ci95_low,eer_ci95_high,cm,eermsg,mcc,auc,pr_auc,mse,r2,ss,amax,amax_std,fmax,fmax_std,pmax,pmax_std,rmax,rmax_std,maxerr,ci95_me_low,ci95_me_low,cm,labels
hmm,pfa,1,db-izfp-mfv1,0,99.26666666666668,99.26666666666667,0.17627035075455932,99.26666666666667,0.17627035075455932,99.2270219988361,0.17702199884618297,0.15631133457482127,-,-,-,-,,0.9890233155837275,-,-,-,-,-,0.9926666666666668,0.0026152449546532077,0.9926597120803494,0.0026200085200963753,0.9927040947446386,0.00260704992183135,0.9926666666666668,0.0026152449546532077,1.4000000000000001,0.38918994087039016,0.48772629096228826,0,WRN=>USE
hmm,sfa,1,db-izfp-mfv1,0,98.06666666666666,98.06666666666666,0.2844729081522335,98.06666666666666,0.2844729081522335,98.03464357257742,0.2846435725815222,0.28202309398343006,-,-,-,-,,0.971021740341227,-,-,-,-,-,0.9806666666666667,0.003823255674241147,0.9806544539071325,0.0038277716897810923,0.9807031299411413,0.003826176874530423,0.9806666666666667,0.003823255674241147,2.1,0.4826219615161279,0.5789042795425932,0,WRN=>USE
