cls,fea,nsen,smax,mfmax,cmax,uar,ci95_u,bar,ci95_b,bar_exp,ci95_be_low,ci95_be_upp,eer,eer_ci95_low,eer_ci95_high,cm,eermsg,mcc,auc,pr_auc,mse,r2,ss,amax,amax_std,fmax,fmax_std,pmax,pmax_std,rmax,rmax_std,maxerr,ci95_me_low,ci95_me_low,cm,labels
cnn,pfa,1,db-izfp-mfv1,0,90.6111111111111,90.61111111111111,0.6025938070161496,90.61111111111111,0.6025938070161496,90.58405507439483,0.6007217411737042,0.5992782589240631,-,-,-,-,,0.8595508922032488,-,-,-,-,-,0.906111111111111,0.005962847939999374,0.9058418351058501,0.006003675082495343,0.9064045022128623,0.006014665523007756,0.906111111111111,0.005962847939999374,14.2,1.230338824521751,1.300596583026195,0,USE=>WRN
cnn,sfa,1,db-izfp-mfv1,0,92.07777777777778,92.07777777777778,0.5579917285940539,92.07777777777778,0.5579917285940539,92.04974461470128,0.5664112814558253,0.5335887187231103,-,-,-,-,,0.8813628080379607,-,-,-,-,-,0.9207777777777778,0.005989703098641591,0.9209008686181601,0.005997010834402816,0.9216403445184248,0.0058639725515641375,0.9207777777777778,0.005989703098641591,5.7,0.8027490585691001,0.8904374360681082,0,NEW=>USE
cnn,sig,1,db-izfp-mfv1,4,98.14444444444443,98.14444444444445,0.2788025089397905,98.14444444444445,0.2788025089397905,98.11236953142351,0.29570286475455454,0.27096380195203995,-,-,-,-,,0.9721702853072411,-,-,-,-,-,0.9814444444444443,0.0028888888888889065,0.9814437082323533,0.002892700044872126,0.9814796780143847,0.0028984280604835867,0.9814444444444443,0.0028888888888889065,1.5,0.40384108708069255,0.5020190541908955,0,WRN=>NEW
