cls,fea,nsen,smax,mfmax,cmax,uar,ci95_u,bar,ci95_b,bar_exp,ci95_be_low,ci95_be_upp,eer,eer_ci95_low,eer_ci95_high,cm,eermsg,mcc,auc,pr_auc,mse,r2,ss,amax,amax_std,fmax,fmax_std,pmax,pmax_std,rmax,rmax_std,maxerr,ci95_me_low,ci95_me_low,cm,labels
svm,pfa,1,db-izfp-mfv1,0,99.98888888888888,99.9888888888889,0.021776167718079442,99.9888888888889,0.021776167718079442,99.95970182319766,0.04303515661303603,0.02363151024011856,-,-,-,-,,0.9998333518487659,-,-,-,-,-,0.9998888888888888,0.00022222222222225695,0.9998888888117283,0.00022222237654330178,0.9998890737659456,0.0002218524681087075,0.9998888888888888,0.00022222222222225695,0.03333333333333333,0.03248940996158003,0.15224666611590354,0,WRN=>NEW
svm,sfa,1,db-izfp-mfv1,0,99.95555555555555,99.95555555555555,0.04354507530184293,99.95555555555556,0.04354507530185403,99.91799426667794,0.0679942668241118,0.032005733356543775,-,-,-,-,,0.9993333333333333,-,-,-,-,-,0.9995555555555555,0.0004157397096415784,0.9995555554012345,0.0004157397508856534,0.9995559253096691,0.0004156411236502373,0.9995555555555555,0.0004157397096415784,0.06666666666666667,0.058592004114310266,0.17394664271534288,0,USE=>WRN WRN=>USE
svm,sig,1,db-izfp-mfv1,2,98.9,98.97777777777777,0.20781091028089227,98.97777777777777,0.20781091028089227,98.94516459679382,0.22849793006084473,0.20483540325123561,-,-,-,-,,0.9846678883849899,-,-,-,-,-,0.9890000000000001,0.0019372884193513923,0.9889944647858038,0.0019378268595458812,0.9890030227611255,0.001940137854277914,0.9890000000000001,0.0019372884193513923,1.2666666666666666,0.36878101867450513,0.467823818018958,0,USE=>WRN
