cls,fea,nsen,smax,mfmax,cmax,uar,ci95_u,bar,ci95_b,bar_exp,ci95_be_low,ci95_be_upp,eer,eer_ci95_low,eer_ci95_high,cm,eermsg,mcc,auc,pr_auc,mse,r2,ss,amax,amax_std,fmax,fmax_std,pmax,pmax_std,rmax,rmax_std,maxerr,ci95_me_low,ci95_me_low,cm,labels
rfc,pfa,1,db-izfp-mfv1,1,99.95555555555555,99.95555555555555,0.04354507530184293,99.95555555555556,0.04354507530185403,99.94173372627776,0.05840039298742328,0.041599607086917345,-,-,-,-,,0.9993335739136672,-,-,-,-,-,0.9995555555555555,0.0004157397096415784,0.9995555547839489,0.00041574074074514903,0.9995566635894771,0.0004144572412881073,0.9995555555555555,0.0004157397096415784,0.1,0.07937284628382887,0.19196164652506295,0,WRN=>USE
rfc,sfa,1,db-izfp-mfv1,3,99.83333333333333,99.83333333333333,0.08427310529778298,99.83333333333334,0.08427310529779408,99.78628157206415,0.10294823878045367,0.09705176126554305,-,-,-,-,,0.9975005172226244,-,-,-,-,-,0.9983333333333333,0.0004969039949999316,0.9983331437498529,0.0004973184792682358,0.9983370185809683,0.000497944982359488,0.9983333333333333,0.0004969039949999316,0.26666666666666666,0.15147080965977577,0.2580932979736867,0,WRN=>USE
rfc,sig,1,db-izfp-mfv1,0,99.16666666666666,99.16666666666667,0.1878101549303235,99.16666666666667,0.1878101549303235,99.1432712441181,0.19327124420842612,0.17339542260149665,-,-,-,-,,0.9875101677496282,-,-,-,-,-,0.9916666666666666,0.002048787657176192,0.9916584918787621,0.002052281981188724,0.991679765612845,0.002048605884806973,0.9916666666666666,0.002048787657176192,1.0666666666666667,0.3359552184776927,0.43583846407824667,0,USE=>WRN
