cls,fea,nsen,smax,mfmax,cmax,uar,ci95_u,bar,ci95_b,bar_exp,ci95_be_low,ci95_be_upp,eer,eer_ci95_low,eer_ci95_high,cm,eermsg,mcc,auc,pr_auc,mse,r2,ss,amax,amax_std,fmax,fmax_std,pmax,pmax_std,rmax,rmax_std,maxerr,ci95_me_low,ci95_me_low,cm,labels
aec,pfa,1,db-izfp-mfv1,0,84.70054075881075,77.87453108787614,0.22984435955960558,84.64349674046075,0.19963323880495265,84.6415332913444,0.1665332914459139,0.1834667087831976,12.374326839542515,0.24932683947487405,0.2506731603997253,0,,0.5758845001616807,0.9322772598980169,-,3.806570865142644,0.19069801041094747,-0.18260709268094877,0.8470054075881075,0.00863485613434441,0.7457557141806281,0.0123973784304777,0.7401523008034533,0.007986827667671684,0.8470054075881075,0.00863485613434441,27.199593702387,0.2777968678471743,0.279140702493369,0,0=>1
aec,sfa,1,db-izfp-mfv1,0,80.04386432323972,68.76047569638439,0.2566324255681596,79.24925692495984,0.22454547745002218,79.2473728471219,0.17237284714163303,0.17762715290667863,13.749327216610919,0.22432721661244104,0.2256727834753336,0,,0.4802744846508707,0.9260853289322806,-,3.021199512199061,0.35767312292594056,-0.17414240814572574,0.8004386432323972,0.04218131119505151,0.6760141783496689,0.06068227566528918,0.7062433070736441,0.028293742847188504,0.8004386432323972,0.04218131119505151,39.10208227526663,0.3050016730732519,0.3056438495159186,0,0=>1
aec,sig,1,db-izfp-mfv1,3,80.71774596408264,72.61074307606353,0.24693375011440866,80.77104338559143,0.21822052320612517,80.76919757409568,0.19419757415046757,0.20580242577279417,22.97373342319507,0.2987334231762506,0.3012665767272438,0,,0.5061026381117605,0.8358031532342971,-,4.450741085317614,0.05374318695146474,-0.30901244,0.8071774596408263,0.0035565271149732105,0.6937049411357703,0.0054714914828233084,0.707668362880096,0.002708079176492059,0.8071774596408263,0.0035565271149732105,33.50634840020315,0.29486354794527325,0.29583553397847795,0,0=>1
