cls,fea,nsen,smax,mfmax,cmax,uar,ci95_u,bar,ci95_b,bar_exp,ci95_be_low,ci95_be_upp,eer,eer_ci95_low,eer_ci95_high,cm,eermsg,mcc,auc,pr_auc,mse,r2,ss,amax,amax_std,fmax,fmax_std,pmax,pmax_std,rmax,rmax_std,maxerr,ci95_me_low,ci95_me_low,cm,labels
svm,pfa,1,db-izfp-mfv1,1,78.51854357292126,21.422300263388937,0.22718130668017422,50.0,0.27685979356490975,0,0,0,19.050554093650135,0.275554093529623,0.2744459062562987,0,	ERR low max 0.2522,0.0,0.8651289039349863,-,3.891194043337932,0.17270656643024296,-0.6771870684249204,0.7851854357292126,0.0008196538112872565,0.7674694280215054,0.0015628632801121412,0.7545895073104852,0.001914835434574207,0.7851854357292126,0.0008196538112872565,100.0,0.003746887094513429,0.0,0,0=>1
svm,sfa,1,db-izfp-mfv1,1,78.84018266741045,21.422300263388937,0.22718130668017422,50.0,0.27685979356490975,0,0,0,18.46895996520427,0.24395996534955222,0.25604003493505667,0,	ERR low max 0.2466,0.0,0.8779047442890889,-,3.9196776965998774,0.16665075450073275,-0.5849088284598588,0.7884018266741044,0.01124114299522668,0.7735367013514395,0.018761469016817352,0.7629713424192979,0.023172113195353353,0.7884018266741044,0.01124114299522668,100.0,0.003746887094513429,0.0,0,0=>1
svm,sig,1,db-izfp-mfv1,4,72.9241584727206,21.422300263388937,0.22718130668017422,50.0,0.27685979356490975,0,0,0,25.365295599969244,0.29029560005673916,0.3097043999781335,0,	ERR low max 0.3394,0.0,0.7762989727512659,-,4.552711121665301,0.032063686892673804,-0.31725548541148885,0.729241584727206,0.001527852980089461,0.6828478694036286,0.0020862862160563414,0.6720286733758547,0.001693575205248861,0.729241584727206,0.001527852980089461,100.0,0.003746887094513429,0.0,0,0=>1
