cls,fea,nsen,smax,mfmax,cmax,uar,ci95_u,bar,ci95_b,bar_exp,ci95_be_low,ci95_be_upp,eer,eer_ci95_low,eer_ci95_high,cm,eermsg,mcc,auc,pr_auc,mse,r2,ss,amax,amax_std,fmax,fmax_std,pmax,pmax_std,rmax,rmax_std,maxerr,ci95_me_low,ci95_me_low,cm,labels
rfc,pfa,1,db-izfp-mfv1,4,50.160087920139205,44.96128980764626,0.2754503896211069,64.21257566044176,0.2654392570154651,64.21098891958775,0.18598891953421903,0.1640110804900341,23.506395241540023,0.28139524156124973,0.2686047585810397,0,,0.27138355309711315,0.8373772838156855,-,3.9855118617608642,0.15265397820645388,-0.22216268868084996,0.5016008792013921,0.0004626511894653344,0.18312527717433863,0.0008793441673980206,0.5459516644064435,0.010910809091402816,0.5016008792013921,0.0004626511894653344,69.46978161503301,0.28875406103507917,0.2876066238285624,0,0=>1
rfc,sfa,1,db-izfp-mfv1,1,50.11571364344054,22.507781945885547,0.2312518852044948,49.809943468016556,0.27685779344028827,49.807373716277795,0.13237371610383408,0.11762628380304618,29.06853524342837,0.2935352435845584,0.3064647566705714,0,,-0.010818641494975073,0.7404004540572615,-,3.613174494196669,0.2318153502243533,-0.17171185771384287,0.5011571364344054,0.003008938836689047,0.1831750102994648,0.0034035757804109722,0.5160617274626758,0.07366306964755648,0.5011571364344054,0.003008938836689047,97.95835449466735,0.09027281405851184,0.08743157739601326,0,0=>1
rfc,sig,1,db-izfp-mfv1,0,64.93666794328486,28.73014606113816,0.2505599984723439,54.21240498214123,0.27587550416351414,54.21096618183565,0.13596618181647147,0.11403381824739434,33.092455890457536,0.3174558905658931,0.33254410944801305,0,,0.12871627119601203,0.7283747993300025,-,4.692943425133607,0.0022493773153049457,-0.24418420442614625,0.6493666794328485,0.0017195489569277315,0.5192272232805306,0.003176384937698847,0.606610451164484,0.000978498779738456,0.6493666794328485,0.0017195489569277315,90.3717623158964,0.185958614814985,0.1835762209323688,0,0=>1
