cls,fea,nsen,smax,mfmax,cmax,uar,ci95_u,bar,ci95_b,bar_exp,ci95_be_low,ci95_be_upp,eer,eer_ci95_low,eer_ci95_high,cm,eermsg,mcc,auc,pr_auc,mse,r2,ss,amax,amax_std,fmax,fmax_std,pmax,pmax_std,rmax,rmax_std,maxerr,ci95_me_low,ci95_me_low,cm,labels
hmm,pfa,1,db-izfp-mfv1,3,99.70000000000002,99.7,0.13838234071282818,99.7,0.13838234071282818,99.67323477716296,0.15656811051670827,0.14343188949591523,-,-,-,-,,0.9955115728893026,-,-,-,-,-,0.9970000000000001,0.0013540064007727104,0.9969984540744719,0.0013549753234774807,0.9970263704986383,0.0013314107327554929,0.9970000000000001,0.0013540064007727104,0.75,0.32964082431112307,0.4839983735786819,0,WRN=>USE
hmm,sfa,1,db-izfp-mfv1,4,98.9,98.9,0.26391674984841407,98.9,0.26391674984841407,98.85122910862627,0.26789577541450615,0.2654375580190882,-,-,-,-,,0.9835836491498126,-,-,-,-,-,0.9890000000000001,0.0019293061504650475,0.9889865866150762,0.001934490550230769,0.9891566763880639,0.0019087524685155938,0.9890000000000001,0.0019293061504650475,1.8499999999999999,0.5441684581667782,0.6910378996540085,0,WRN=>USE
