cls,fea,nsen,smax,mfmax,cmax,uar,ci95_u,bar,ci95_b,bar_exp,ci95_be_low,ci95_be_upp,eer,eer_ci95_low,eer_ci95_high,cm,eermsg,mcc,auc,pr_auc,mse,r2,ss,amax,amax_std,fmax,fmax_std,pmax,pmax_std,rmax,rmax_std,maxerr,ci95_me_low,ci95_me_low,cm,labels
rfc,pfa,1,db-izfp-mfv1,0,99.93333333333334,99.93333333333332,0.06531035180962208,99.93333333333334,0.06531035180963318,99.88897912626469,0.10564579279173092,0.06102087387573896,-,-,-,-,,0.9990000416250027,-,-,-,-,-,0.9993333333333334,0.0008164965809276905,0.9993333330729163,0.0008164968998722871,0.999333748960931,0.0008159878077866512,0.9993333333333334,0.0008164965809276905,0.1,0.08788724094432443,0.2607628569830879,0,USE=>WRN
rfc,sfa,1,db-izfp-mfv1,2,99.94999999999999,99.95,0.05656514011358471,99.94999999999999,0.05656514011357361,99.8981534227295,0.08148675620029966,0.05184657729133679,-,-,-,-,,0.9992501249062734,-,-,-,-,-,0.9994999999999999,0.0004082482904638724,0.9994999992187488,0.0004082489283528037,0.9995012468827931,0.0004072302149265576,0.9994999999999999,0.0004082482904638724,0.1,0.08788724094432443,0.2607628569830879,0,USE=>WRN
rfc,sig,1,db-izfp-mfv1,0,98.83333333333333,98.83333333333333,0.27170496973246694,98.83333333333333,0.27170496973246694,98.78462860280145,0.3012952694511184,0.265371397059011,-,-,-,-,,0.982514369377729,-,-,-,-,-,0.9883333333333333,0.004314059701848276,0.9883266717592918,0.0043231243336424256,0.9883801001658045,0.0042998580872230345,0.9883333333333333,0.004314059701848276,1.55,0.49448410800419107,0.6429389189631054,0,USE=>WRN
