cls,fea,nsen,smax,mfmax,cmax,uar,ci95_u,bar,ci95_b,bar_exp,ci95_be_low,ci95_be_upp,eer,eer_ci95_low,eer_ci95_high,cm,eermsg,mcc,auc,pr_auc,mse,r2,ss,amax,amax_std,fmax,fmax_std,pmax,pmax_std,rmax,rmax_std,maxerr,ci95_me_low,ci95_me_low,cm,labels
svm,pfa,1,db-izfp-mfv1,0,99.96666666666665,99.96666666666667,0.046189094037563105,99.96666666666667,0.046189094037563105,99.90732771919426,0.09066105239439182,0.04267228089415154,-,-,-,-,,0.999500041645836,-,-,-,-,-,0.9996666666666666,0.0006666666666666377,0.9996666664062495,0.0006666671875008134,0.9996670822942644,0.0006658354114712938,0.9996666666666666,0.0006666666666666377,0.05,0.048734117613146874,0.22826398346596505,0,USE=>WRN WRN=>NEW
svm,sfa,1,db-izfp-mfv1,0,100.0,100.0,0.0,100.0,0.0,99.9843776402499,0.06771097362571199,0.0156223597501004,-,-,-,-,,1.0,-,-,-,-,-,1.0,0.0,1.0,0.0,1.0,0.0,1.0,0.0,0,0,0,31.062058167650036,NEW <=> WRN
svm,sig,1,db-izfp-mfv1,0,98.71666666666667,98.78333333333333,0.27739594557376623,98.78333333333332,0.27739594557376623,98.7345985845453,0.2845985845805421,0.2820680821180699,-,-,-,-,,0.9817670583508346,-,-,-,-,-,0.9871666666666666,0.003999999999999989,0.9871616158754781,0.004002678340789706,0.9872164059203777,0.003987889512411616,0.9871666666666666,0.003999999999999989,1.6,0.5030938655779157,0.6512711955872121,0,USE=>WRN
