cls,fea,nsen,smax,mfmax,cmax,uar,ci95_u,bar,ci95_b,bar_exp,ci95_be_low,ci95_be_upp,eer,eer_ci95_low,eer_ci95_high,cm,eermsg,mcc,auc,pr_auc,mse,r2,ss,amax,amax_std,fmax,fmax_std,pmax,pmax_std,rmax,rmax_std,maxerr,ci95_me_low,ci95_me_low,cm,labels
cnn,pfa,1,db-izfp-mfv1,2,91.21666666666665,91.21666666666667,0.7162081309015855,91.21666666666667,0.7162081309015855,91.17549117549117,0.725491175459525,0.7078421578397109,-,-,-,-,,0.8690652396692381,-,-,-,-,-,0.9121666666666666,0.00629373586283307,0.9117876512197487,0.0065320224467116965,0.9135496079057562,0.0054147659631539925,0.9121666666666666,0.00629373586283307,13.4,1.463473744706631,1.5716588189984004,0,USE=>WRN
cnn,sfa,1,db-izfp-mfv1,3,91.91666666666667,91.91666666666667,0.6897073324942937,91.91666666666666,0.6897073324943048,91.87479187479184,0.6914585415052077,0.6752081252925368,-,-,-,-,,0.8789017335093762,-,-,-,-,-,0.9191666666666667,0.008333333333333361,0.9191777977832258,0.00829238688440699,0.9196155483823979,0.00831249570684314,0.9191666666666667,0.008333333333333361,5.35,0.9451286980855997,1.0785442709034025,0,WRN=>USE
cnn,sig,1,db-izfp-mfv1,0,96.2,96.2,0.48378433323347236,96.2,0.48378433323346126,96.15384615384617,0.5038461538066308,0.46282051290832404,-,-,-,-,,0.943000275041787,-,-,-,-,-,0.962,0.008426149773176338,0.9620041234903202,0.008426492562918901,0.9620582434406211,0.00844845692452966,0.962,0.008426149773176338,2.85,0.6844481556128043,0.8268869858472718,0,NEW=>USE
