cls,fea,nsen,smax,mfmax,cmax,uar,ci95_u,bar,ci95_b,bar_exp,ci95_be_low,ci95_be_upp,eer,eer_ci95_low,eer_ci95_high,cm,eermsg,mcc,auc,pr_auc,mse,r2,ss,amax,amax_std,fmax,fmax_std,pmax,pmax_std,rmax,rmax_std,maxerr,ci95_me_low,ci95_me_low,cm,labels
snn,pfa,1,db-izfp-mfv1,2,99.93333333333332,99.93333333333332,0.06531035180962208,99.93333333333334,0.06531035180963318,99.88457281371154,0.10123948040867692,0.06542718629499733,-,-,-,-,,0.9990002913751275,-,-,-,-,-,0.9993333333333332,0.0006236095644623023,0.9993333325520822,0.0006236101212575228,0.9993345802161263,0.0006227211134257484,0.9993333333333332,0.0006236095644623023,0.15,0.11905570506880749,0.2877320104531401,0,USE=>WRN
snn,sfa,1,db-izfp-mfv1,2,99.81666666666665,99.81666666666666,0.10824172743356675,99.81666666666666,0.10824172743356675,99.77845551686401,0.12845551693606572,0.10487781648406136,-,-,-,-,,0.9972510388037065,-,-,-,-,-,0.9981666666666665,0.0008164965809276905,0.9981666622434731,0.0008164991293032625,0.9981703927938106,0.0008151524021887354,0.9981666666666665,0.0008164965809276905,0.25,0.16877740248060752,0.33244453345183134,0,WRN=>NEW
snn,sig,1,db-izfp-mfv1,0,98.5,98.5,0.3075645029251506,98.5,0.3075645029251506,98.45154845426663,0.3348817875307386,0.29845154577301525,-,-,-,-,,0.9775051726452245,-,-,-,-,-,0.985,0.004314059701848228,0.9849959489143876,0.004319220693724824,0.9850294595362399,0.004327786306669373,0.985,0.004314059701848228,1.8499999999999999,0.5441684581667782,0.6910378996540085,0,USE=>WRN
