cls,fea,nsen,smax,mfmax,cmax,uar,ci95_u,bar,ci95_b,bar_exp,ci95_be_low,ci95_be_upp,eer,eer_ci95_low,eer_ci95_high,cm,eermsg,mcc,auc,pr_auc,mse,r2,ss,amax,amax_std,fmax,fmax_std,pmax,pmax_std,rmax,rmax_std,maxerr,ci95_me_low,ci95_me_low,cm,labels
aec,pfa,1,db-izfp-mfv1,4,70.99547002949905,50.64969271290606,0.2768364200400941,70.99546375275261,0.25126855925694525,70.99255036985363,0.1675503699740899,0.18244963029373507,24.72505654030932,0.3500565403259215,0.3499434597763418,0,,0.2910922840489475,0.8236098785469216,-,5.699044384384241,0.02242943912085482,-0.2789503421571635,0.7099547002949904,0.003966121024613713,0.4735873565803426,0.005669857387015021,0.6009117084176632,0.0011822940993197722,0.7099547002949904,0.003966121024613713,56.51324120464681,0.2949573852412124,0.294610709143972,0,0=>1
aec,sfa,1,db-izfp-mfv1,0,75.93470165876995,61.0375927847394,0.2700296637786592,75.93471021156562,0.23670400391557767,75.93183270201568,0.20683270206879323,0.19316729805692878,22.328314276352785,0.3533142763503444,0.34668572366692574,0,,0.34916290447687637,0.8486344191602049,-,5.049873593517564,0.13378324009716758,-0.2732822008623035,0.7593470165876995,0.014798127018216698,0.5523744584329718,0.018504832951400003,0.6177526827235378,0.006596961324830922,0.7593470165876995,0.014798127018216698,44.20708766907082,0.2951602110192797,0.2954685454932271,0,0=>1
aec,sig,1,db-izfp-mfv1,4,84.3997703568127,75.52318620799745,0.23807153949331195,84.39976048231826,0.20092136808749217,84.39671068737242,0.2217106872666741,0.17828931267536152,16.527753770037272,0.302753770097694,0.2972462300052686,0,,0.48073905383684407,0.919900387474438,-,5.628367069278454,0.034552886125182924,-0.38207752,0.843997703568127,0.0012624857251882888,0.6717967195778043,0.0025006916258713515,0.6679712602581798,0.0012257713398312396,0.843997703568127,0.0012624857251882888,27.601901301180053,0.26526664843446457,0.26645908536312435,0,0=>1
